app_id,name
35010,Batman: Arkham Asylum Game of the Year Edition
493200,RiME
12220,Grand Theft Auto: Episodes from Liberty City
774361,Blasphemous
41014,Serious Sam HD: The Second Encounter
209080,Guns of Icarus Online
214250,I Am Alive
214770,Guacamelee! Gold Edition
224460,Contrast
205230,HELL YEAH! Wrath of the Dead Rabbit
206190,Gunpoint
233470,Evoland
365660,OlliOlli2: Welcome to Olliwood
374030,Virginia
450670,Table Top Racing: World Tour
747350,Hellblade: Senua's Sacrifice VR Edition
209870,Blacklight: Retribution
423950,Deadlight: Director's Cut
329380,Stealth Inc 2: A Game of Clones
403290,Burly Men at Sea
415880,Disc Jam
21660,Street Fighter IV
1962660,Call of Duty: Modern Warfare II
353700,The Deadly Tower of Monsters
230050,DLC Quest
250700,Super Time Force Ultra
314710,Mighty No. 9
220860,McPixel
219680,Proteus
98200,Frozen Synapse
2420,The Ship: Single Player
209120,STREET FIGHTER X TEKKEN
762830,Telling Lies
359100,Q.U.B.E. 2
250600,The Plan
428750,Neon Chrome
205910,Tiny and Big: Grandpa's Leftovers
263980,Out There Somewhere
274250,OlliOlli
265950,Ether One
359580,Uncanny Valley
228960,Skulls of the Shogun
330820,2064: Read Only Memories
203210,Titan Attacks!
774171,Muse Dash
368730,No Time To Explain Remastered
588690,"Peace, Death!"
31270,Puzzle Agent
327690,Gigantic
250680,Below
207040,Sine Mora
244710,Shelter
253840,Shantae: Half-Genie Hero
1102190,Monster Train
290770,The Fall
1057750,The Suicide of Rachel Foster
741820,Prey: Typhon Hunter
269650,Dex
80310,Gemini Rue
717640,Reigns: Her Majesty
774461,The Jackbox Party Pack 5
42120,Lead and Gold: Gangs of the Wild West
702700,Super Bomberman R
293740,Road Not Taken
265750,Secret Ponchos
770390,Draugen
282100,Fearless Fantasy
17080,Tribes: Ascend
296470,Mount Your Friends
345480,Lumo
555150,The First Tree
244810,Foul Play
1283220,Devolverland Expo
365300,Transmissions: Element 120
506540,Last Man Standing
227080,Papo & Yo
543260,Wonder Boy: The Dragon's Trap
272470,The Incredible Adventures of Van Helsing II
215670,Home
214420,Gear Up
252670,Nihilumbra
385560,Shadow Complex Remastered
209630,Magrunner: Dark Pulse
26500,Cogs
11390,Crash Time 2
466500,35MM
1186040,Worms Rumble
643270,OLDTV
1671410,Somerville
201570,Really Big Sky
314020,Morphopolis
437220,The Culling
209830,Lone Survivor: The Director's Cut
431930,Kabounce
55040,Atom Zombie Smasher
208670,Blades of Time
369110,The Swindle
636450,Rez Infinite
269050,Year Walk
275200,Westerado: Double Barreled
340000,Headlander
325370,Nova-111
301860,Submerged
215690,Zeno Clash 2
204180,Waveform
201510,Flatout 3: Chaos & Destruction
762220,Afterparty
809960,Radical Heights
303430,Roundabout
897820,Reigns: Game of Thrones
95300,Capsized
2500,Shadowgrounds
261760,Lichdom: Battlemage
302830,BLOCKADE 3D
812810,missed messages.
762840,Maquette
63000,HOARD
367580,Hook
219190,Ultratron
242820,140
330180,Pix the Cat
297020,The Culling Of The Cows
108500,Vessel
650000,DOOM VFR
969760,Omno
545270,NBA Playgrounds
214700,Thirty Flights of Loving
319450,Chariot
7860,NecroVision
300060,ADR1FT
290510,GNOG
111900,Guardians of Middle-earth
437570,GoNNER
774241,Warhammer: Chaosbane
512250,Oh...Sir!! The Insult Simulator
252830,Claire
201480,Serious Sam: The Random Encounter
347440,Pneuma: Breath of Life
92000,Hydrophobia: Prophecy
225600,Blade Symphony
252750,MouseCraft
1189800,Bleeding Edge
242110,Joe Danger 2: The Movie
402570,Atlas Reactor
387860,the static speaks my name
393660,Streamline
897030,Paratopic
227100,Sniper Elite: Nazi Zombie Army
574310,The Mooseman
2933620,Call of Duty: Black Ops 6
589510,Shovel Knight: Specter of Torment
214550,Eets Munchies
63700,BIT.TRIP BEAT
300580,GALAK-Z
298600,Lovely Planet
365770,Volume
582890,Estranged: The Departure
216910,Of Orcs and Men
332530,Shutshimi
294060,Aaru's Awakening
1300,SiN Episodes: Emergence
35460,The Ball
359900,The Incredible Adventures of Van Helsing III
231330,Deadfall Adventures
331690,Crossing Souls
503140,Dungeon Punks
29800,Caster
277890,Shantae: Risky's Revenge - Director's Cut
259550,Hero of the Kingdom
250110,Assault Android Cactus
22450,Hunted: The Demon’s Forge
510240,forma.8
481110,The Bunker
24420,Aquaria
65560,Painkiller Redemption
248310,Freedom Planet
240320,Panzar
207750,Symphony
261530,Lifeless Planet Premier Edition
373180,Kung Fury: Street Rage
1069530,Narita Boy
437630,State of Mind
274310,Always Sometimes Monsters
72000,Closure
253330,Neverending Nightmares
263060,Blockstorm
227000,Primordia
224820,Super House of Dead Ninjas
449680,SAMOLIOTIK
1122690,Last Stop
1098292,Doom Eternal: The Ancient Gods - Part One
37400,"Time Gentlemen, Please! and Ben There, Dan That! Special Edition Double Pack"
274560,Revolution Ace
774861,Project Winter
402390,Hyperdrive Massacre
513780,Turbo Pug DX
284460,DeadCore
470260,Event[0]
39800,Nation Red
1497450,A Memoir Blue
205730,Insanely Twisted Shadow Planet
244870,Electronic Super Joy
442780,STRAFE
341870,TEMBO THE BADASS ELEPHANT
334120,Armikrog
470210,Rocketbirds 2: Evolution
1142100,WWE 2K Battlegrounds
107300,Breath of Death VII
70620,Worms Crazy Golf
39560,Painkiller: Resurrection
65610,ArcaniA: Fall of Setarrif
297490,Spy Chameleon - RGB Agent
676820,Subsurface Circular
364390,Downfall
793370,KIDS
205020,Lumino City
794540,Neo cab
606730,Sine Mora EX
255070,Abyss Odyssey
433950,Bit Blaster XL
239800,Bleed
345080,Flame Over
318430,Squishy the Suicidal Pig
291010,The Hat Man: Shadow Ward
433100,The Town of Light
227200,Waking Mars
63200,Monday Night Combat
251230,Livelock
405540,Ninja Senki DX
315110,Woah Dave!
499440,klocki
1265780,The Lord of the Rings: Gollum
214830,Half Minute Hero: Super Mega Neo Climax Ultimate Boy
302380,Floating Point
243800,Gas Guzzlers Extreme
205840,Yesterday
369230,Kung Fu Panda: Showdown of Legendary Legends
282010,Carmageddon Max Pack
336840,Color Guardians
623940,HIVESWAP: Act 1
341500,Camera Obscura
270850,Car Mechanic Simulator 2014
779290,Stygian: Reign of the Old Ones
461560,MANDAGON
80340,Blackwell Unbound
241410,CastleStorm
447290,Redeemer
852300,Creature in the Well
513230,The Underground Man
47889,Battlefield: Bad Company 2 - Vietnam
278460,Skyborn
1481400,Dagon: by H. P. Lovecraft
878670,Shenmue III
111800,Blocks That Matter
463150,BARRIER X
217690,Anna - Extended Edition
433910,Neon Drive
1080750,Mutazione
2519060,Call of Duty: Modern Warfare III
1098293,Doom Eternal: The Ancient Gods - Part Two
261510,Tesla Effect: A Tex Murphy Adventure
485030,PLANET ALPHA
551770,ECHO
17710,Nuclear Dawn
286940,S.K.I.L.L. - Special Force 2 (Shooter)
313740,Sakura Spirit
688740,Fractured Minds
452920,LASER DISCO DEFENDERS
285960,Q*Bert: Rebooted
475190,Scanner Sombre
296970,Renowned Explorers: International Society
336140,Unavowed
334100,Extreme Exorcism
317250,Airscape - The Fall of Gravity
355150,Gravilon
274350,Dropsy
80360,Blackwell Deception
339190,Dead Synchronicity: Tomorrow Comes Today
43000,Front Mission Evolved
347290,Rise & Shine
1229580,Disc Room
231040,Beatbuddy: Tale of the Guardians
284950,Pixel Puzzles: Japan
204220,Snapshot
207420,Wizorb
98100,TRAUMA
730390,Raji: An Ancient Epic
298520,Orbital Gear
501320,The Shrouded Isle
248190,Knytt Underground
225360,DARK
18050,DeathSpank: Thongs Of Virtue
3800,Advent Rising
238910,Bionic Dues
428430,Endorlight
287100,Chaos Domain
403970,The Dwarves
262150,Vanguard Princess
255280,1954 Alcatraz
248650,Draw a Stickman: EPIC
7020,Rogue Trooper
488730,God’s Trigger
209730,R.A.W. Realms of Ancient War
447120,Where the Water Tastes Like Wine
209790,Splice
260530,So Many Me
628950,Nephise Begins
400240,The Deer
91900,Post Apocalyptic Mayhem
423590,The Little Acre
26000,The Maw
94300,The Dream Machine: Chapter 1 & 2
307070,Memories of a Vagabond
574090,Mothergunship
311480,Vertical Drop Heroes HD
270450,Robot Roller-Derby Disco Dodgeball
732810,Slipstream
251530,Anomaly Korea
200390,Oil Rush
474210,BUTCHER
437160,The Lion's Song: Episode 1 - Silence
307580,Technobabylon
263620,Mitsurugi Kamui Hikae
337360,Dead Island Retro Revenge
465280,Yesterday Origins
307620,Curses 'N Chaos
422510,DEMON'S TILT
741510,The Hong Kong Massacre
898650,The Shapeshifting Detective
41300,Altitude
385710,INK
780800,Ball laB
431540,Frosty Kiss
290890,You Must Build A Boat
252230,Yaiba: Ninja Gaiden Z
521340,True or False
244090,Sid Meier’s Ace Patrol: Pacific Skies
530330,Blameless
222140,Puddle
58570,The Next BIG Thing
272040,KAMI
508740,Wheels of Aurelia
842910,The Missing: J.J. Macfield and the Island of Memories
335190,200% Mixed Juice!
702150,Project Mercury
275490,Canyon Capers
332500,GRAV
234940,The 39 Steps
271570,Space Farmers
244890,Velocity Ultra
380020,Three Heroes
313630,The Solus Project
62000,Flight Control HD
579820,Robinson: The Journey
316750,Tetris Ultimate
301750,RADical ROACH Deluxe Edition
696480,The Norwood Suite
2590,Alpha Prime
233230,Kairo
591420,Zup! 4
288040,Actual Sunlight
600080,Unto The End
46410,Avencast: Rise of the Mage
593960,Lorelai
250070,TorqueL
465760,Scrap Garden
292380,Racer 8
716500,Eliza
238280,Legend of Dungeon
258220,Blood Knights
1086460,Supermarket Shriek
740200,The Mercury Man
912570,BEAUTIFUL DESOLATION
529660,Mages of Mystralia
323060,Tharsis
499890,Aaero
235250,Super Sanctum TD
448780,Sixtieth Kilometer
508790,Flat Heroes
299680,Tengami
546220,Red Comrades 3. Return of Alaska: Reloaded
360530,WE ARE DOOMED
230840,Daylight
21030,Watchmen: The End is Nigh Part 2
96200,Steel Storm: Burning Retribution
351100,Niffelheim
225280,Full Mojo Rampage
275470,Chip
371670,Rolling Sun
226740,Monster Loves You!
403740,GabeN: The Final Decision
302610,Boson X
1162130,Windbound
855640,My Brother Rabbit
600370,Paradigm
285840,Enemy Mind
400450,NeuroVoider
285580,ACE - Arena: Cyber Evolution
361990,Lakeview Cabin Collection
241320,Ittle Dew
405500,Dangerous Golf
297120,Heavy Bullets
408120,Cibele
328940,The Deer God
328270,Leviathan: The Last Day of the Decade
401710,Flinthook
235820,Element4l
820540,Bloodroots
15920,Luxor 2
41800,Gratuitous Space Battles
579110,Interkosmos
220090,The Journey Down: Chapter One
384630,Aviary Attorney
347560,Terra Incognita ~ Chapter One: The Descendant
248550,Megabyte Punch
396710,The Adventure Pals
70110,Hacker Evolution: Untold
206690,iBomber Defense Pacific
395520,Missing Translation
209330,A Valley Without Wind
25010,Lugaru HD
311010,The Way
15520,AaAaAA!!! - A Reckless Disregard for Gravity
1042780,Pine
1021950,When the Darkness comes
415270,Star Crusade CCG
443360,Red Comrades 2: For the Great Justice. Reloaded
298180,The Desolate Hope
1331910,Morkredd
329460,JumpJet Rex
286120,QuestRun
215470,Primal Carnage
259390,Ballpoint Universe - Infinite
249680,Marlow Briggs and the Mask of Death
294000,Knight Squad
62100,Chime
256460,Cosmic Star Heroine
518920,Surgeon Simulator: Experience Reality
558260,Gravel
927890,Hentai Girl Linda
240440,Quadrilateral Cowboy
925100,The Elder Scrolls Online: Elsweyr
70120,Hacker Evolution Duality
252030,Valdis Story: Abyssal City
209370,Analogue: A Hate Story
320820,Toren
378660,Blues and Bullets
747360,Gray Dawn
1164050,When The Past Was Around
961490,Travis Strikes Again: No More Heroes
70660,Worms Pinball
919220,Destiny or Fate
393190,TSIOQUE
296630,Kraven Manor
371200,Halcyon 6: Starbase Commander
11370,Nikopol: Secrets of the Immortals
370510,Marble Mayhem: Fragile Ball
423810,Marooners
233190,Final Exam
111400,Bunch of Heroes
531960,Bloody Walls
648430,Hand of the Gods
691280,SINNER: Sacrifice for Redemption
423270,ZHEROS
349270,Mosaic
313810,Legend of Kay Anniversary
706020,Fade to Silence
720350,Mundaun
355680,Overland
226120,Weird Worlds: Return to Infinite Space
204560,Confrontation
292630,Uriel's Chasm
258200,Talisman: Prologue
489220,Unforgiving Trials: The Darkest Crusade
360650,12 Labours of Hercules III: Girl Power
96800,Nexuiz
802200,Hellbound: Survival Mode
636100,Tesla vs Lovecraft
1422420,Dodgeball Academia
407830,Space Overlords
369440,Immortal: Unchained
22670,Alien Breed 3: Descent
46260,Star Wolves 3: Civil War
719750,PUSS!
618740,Beat Hazard 2
296070,MIND: Path to Thalamus Enhanced Edition
282760,Circuits
200670,Disciples III - Resurrection
615610,orbt xl
41740,Cargo! The Quest for Gravity
394760,Dead Effect 2
464650,Runbow
871420,Lovecraft's Untold Stories
207570,English Country Tune
287120,Ionball 2: Ionstorm
91100,SkyDrift
400250,Heaven Island - VR MMO
391070,Stellar 2D
285820,Action Henk
31180,Tales of Monkey Island Complete Pack: Chapter 2 - The Siege of Spinner Cay
31200,Tales of Monkey Island Complete Pack: Chapter 4 - The Trial and Execution of Guybrush Threepwood
440760,Cube Destroyer
400180,Okhlos: Omega
326960,Killing Floor - Toy Master
383230,Dungeon Souls
455820,Omensight
1119600,Help Will Come Tomorrow
1004240,Hentai Girl Karen
416770,SquareCells
2562240,Only Up!
596620,Gas Guzzlers: Combat Carnage
814200,Simple Story - Alex
235720,Cubetractor
699240,Keyboard Killers
271860,Super Killer Hornet: Resurrection
940910,Minoria
246090,Spacebase DF-9
31210,Tales of Monkey Island Complete Pack: Chapter 5 - Rise of the Pirate God
344910,Sun Blast: Star Fighter
230150,Incredipede
1460090,The Life and Suffering of Sir Brante - Chapter 1 & 2
247370,Mutant Mudds Deluxe
1079830,Cris Tales
526740,hack_me
443580,Antenna
292600,Duet
1630110,Gungrave: G.O.R.E.
337480,Zombie Vikings
673000,High Hell
632000,CrossCells
774201,Heaven's Vault
248710,Iesabel
268240,Mechanic Escape
42500,DogFighter
228320,A Valley Without Wind 2
391420,Gun Rocket
319480,Odallus: The Dark Call
11280,Penguins Arena: Sedna's World
285070,Between Me and The Night
438680,One Troll Army
415960,Energy Cycle
212050,Resonance
385370,Radiator 2
8400,Geometry Wars: Retro Evolved
357300,Snakebird
687260,Tokyo Dark
629690,Vaporum
810670,NALOGI
252170,Anomaly Warzone Earth Mobile Campaign
325090,Deep Dungeons of Doom
253410,Ravensword: Shadowlands
295690,PARTICLE MACE
246960,Giana Sisters: Twisted Dreams - Rise of the Owlverlord
296870,Dreaming Sarah
378100,Nyctophobia
111100,Snuggle Truck
436500,Diaries of a Spaceport Janitor
513560,Hunger Dungeon
400160,Concrete Jungle
858260,Until You Fall
788690,Psychonauts In The Rhombus Of Ruin
744810,A Raven Monologue
739080,9 Monkeys of Shaolin
408250,Eagle Flight
844050,Desert Child
421740,Goetia
112100,Avadon: The Black Fortress
375510,New kind of adventure
438180,Super Mustache
1227260,Alder's Blood Prologue
526790,Monsti
361190,Sparkle 3 Genesis
234490,Rush Bros.
425210,Shadwen
416080,The Odyssey: Winds of Athena
331440,bit Dungeon II
330350,Robotex
434250,Masked Shooters 2
3483,Peggle Extreme
313830,See No Evil
18400,Crazy Machines 2
353360,how do you Do It?
651500,My Memory of Us
555210,Trick and Treat - Visual Novel
416130,Written in the Sky
359350,Defunct
18420,Crazy Machines
805940,RUSSIA BATTLEGROUNDS
699670,Feudal Alloy
1507780,Space Warlord Organ Trading Simulator
333880,Braveland Wizard
1012560,Snakeybus
689900,Darkestville Castle
1116780,Shovel Knight: King of Cards
296930,Ascendant
716640,Sigma Theory: Global Cold War
470780,She Remembered Caterpillars
1063310,Vane
396350,Bleed 2
271640,Humanity Asset
350810,Pixel Puzzles 2: Anime
284240,Maize
264730,Deadly 30
463210,State of Anarchy
252010,Oniken: Unstoppable Edition
449220,A grande bagunça espacial - The big space mess
306670,Overlord: Fellowship of Evil
311870,Super Trench Attack!
629770,Tiny Echo
305640,Shattered Planet
368430,Through the Woods
396790,Dracula's Legacy
217270,Karateka
552440,The Talos Principle VR
559330,A Fisherman's Tale
887720,Devil's Hunt
637850,Confess My Love
2450,Bloody Good Time
434730,Half Dead
336770,Pilot Brothers 2
1449320,Alfred Hitchcock – Vertigo
1066260,Devolver Bootleg
1297330,Olija
749250,7th Sector
899310,Iron Danger
941570,Relicta
522040,Princess Remedy In A Heap of Trouble
294750,Anomaly Defenders
364690,SUPER DISTRO
262690,Little Racers STREET
270570,Reversion - The Escape (1st Chapter)
222660,Retro/Grade
267060,Gravity Badgers
583760,Slash It 2
236510,Takedown: Red Sabre
271820,Card City Nights
456540,STAR WARS: Rebel Assault I + II
253690,Tiny Brains
529490,Rogue Trooper Redux
951750,I Am Dead
529590,"Please, Don't Touch Anything 3D"
873560,Jack N' Jill DX
685670,Know by Heart
